name,avgpoint,avg_price,num_reviews,topsis_score,rank
Sushi Garden,7.2,100000.0,67,0.8403292675319051,270
Cuốn N Roll Restaurant - Giảng Võ,7.1,254000.0,64,0.6834894685087254,406
Mì Gia Tiến Đạt,7.6,37500.0,18,0.8948895499645215,62
The Alley - Trà Sữa Đài Loan - Khúc Thừa Dụ,6.5,55500.0,13,0.8478950528276058,246
Hải Sản Hương Lan - Nghĩa Dũng,6.5,127500.0,107,0.7979436833575404,332
Nét Huế - Nguyễn Văn Huyên,7.3,100000.0,23,0.843149196016848,263
Pane e Vino - Ẩm Thực Ý - Nguyễn Khắc Cần,7.8,162500.0,39,0.7942456041620151,337
Kim Oanh - Caramen & Chè Thập Cẩm,7.1,17500.0,25,0.8830021534507894,94
Gà 36 - Hà Đông,6.2,135000.0,22,0.783580010082512,348
Bún Ốc Cô Béo,6.8,42500.0,41,0.864180887526383,187
Minh Food - Nem Chua Rán & Bánh Gà - Shop Online,9.4,35000.0,13,0.958553778416282,11
Meo's House Coffee - Chùa Láng,6.9,40000.0,16,0.8687330179229151,167
Master Tea 美茶 - Đội Cấn,7.9,38000.0,18,0.9055648471234722,44
Topaz Beer Club - Almaz Vinhomes Riverside,8.4,300000.0,12,0.6509831663641583,420
Xôi Sáng - Hàng Hòm,7.7,7500.0,20,0.9068962959169872,40
Izakaya Yancha - Ẩm Thực Nhật Bản - Triệu Việt Vương,7.9,160000.0,56,0.7987621890414028,330
Tiệm Trà Linh Kòy - Thượng Đình,9.8,40000.0,80,0.9607233547086766,10
Duy Tùng - Mì Trộn Indomie - Đào Tấn,7.9,30000.0,25,0.9090574696740412,38
Pop Quán - Chân Gà & Cánh Gà Chiên Mắm - Tây Sơn,6.9,65000.0,24,0.8561499836551525,226
Bánh Tráng Trộn Cô Toàn,6.7,22500.0,280,0.8674098088110742,172
Hotdog Bamy - Quán Thánh,7.1,35000.0,14,0.8778186394026494,124
Chè Khúc Bạch & Ăn Vặt 71 - Khâm Thiên,9.2,95000.0,31,0.8911752888147858,70
Chè Nam Đồng - Khu Tập Thể Thành Công,7.2,17500.0,23,0.8866622268622627,83
Bà Khanh - Trứng Gà Đánh Kem,6.9,20000.0,43,0.8751857082506352,133
Cô Lê - Nem Nướng Nha Trang - Ao Sen,7.2,29000.0,26,0.88354698728724,92
Trà Sữa Feeling Tea - Chùa Láng,7.1,25500.0,101,0.8809838765817511,105
The Olympia Cafe,7.8,37500.0,12,0.9021638744097382,47
Quán Mộc - Bò Tơ - KĐT Nam Cường,7.3,197500.0,12,0.7478402196397422,379
Chè Juco,7.7,15000.0,12,0.9058125399339865,43
Gà Rán KFC - Hoàng Quốc Việt,6.5,80000.0,35,0.8338879508615393,283
Bún Bò Huế Thu Sương - Khuất Duy Tiến,6.5,45000.0,25,0.8527074051106803,234
Phát Ký Mì Gia,7.1,47500.0,43,0.8724351529740145,147
Super Tiger - Sữa Tươi Trân Châu Đường Đen - An Hưng,7.6,40000.0,19,0.8937549063048719,64
Út Thúy - Gỏi Cuốn Sài Gòn,7.5,37500.0,20,0.8912613689189808,69
Loving Hut - Cơm Chay - Chùa Láng,6.8,53500.0,81,0.8590931699266022,215
Pizza Xtrum - Nguyễn Đức Cảnh,6.1,206000.0,14,0.7151372949255589,394
Lotteria - Lotte Center,6.9,75000.0,59,0.849885850242327,240
Chè Mỏ Khoét - Ăn Vặt Các Loại,7.0,15000.0,23,0.8798736877104131,108
Bánh Cuốn Cao Bằng - Nguyễn Văn Lộc,6.0,27500.0,11,0.841710442603464,268
GoGi House - Nướng Hàn Quốc - Royal City,8.1,425000.0,175,0.5109104834879457,439
Isushi Nguyễn Chí Thanh - Nhà Hàng Buffet Nhật Bản,8.0,350000.0,184,0.5905811447815555,434
Sumo BBQ - Nhà Hàng Thịt Nướng Nhật Bản - Tô Hiến Thành,7.6,375000.0,107,0.5576076455151785,437
Sumo BBQ - Nhà Hàng Thịt Nướng Nhật Bản - Savico Mega Mall,8.5,348500.0,38,0.5986999719221806,433
Ngọc Thạch Quán - Sữa Chua & Caramen - Lương Định Của,7.6,20000.0,409,0.9009445066604902,50
"Jinro BBQ - Cơm, Lẩu & Nướng - Nguyễn Chí Thanh",6.8,215000.0,19,0.719997213815038,391
Hẻm Thượng Hải - Chinese BBQ & Dimsum - Nguyễn Thị Định,7.0,155000.0,16,0.7851505767350524,347
Lạ Quán - Lẩu Thái Hải Sản,6.8,24000.0,48,0.8705817641912968,160
Xofa Café & Bistro - Tống Duy Tân,7.7,40000.0,239,0.897360797783748,55
Dồi Sụn Nướng & Ăn Vặt - Shop Online,7.3,58500.0,14,0.8733993106521272,139
Gà Rán Popeyes - Mac Plaza,6.8,115000.0,24,0.8166558156359608,306
Cha Go Tea & Caf'e - Nguyễn Trãi,7.3,65000.0,55,0.8693816228759698,164
Xôi Bà Sòn,6.0,22500.0,11,0.843066818501231,264
Bít Tết Hà Cúc - Hòe Nhai,7.3,95000.0,18,0.8472971355980676,248
Pizza Pompeii's - Pizza Nướng Củi,6.9,272500.0,10,0.6600350066177684,417
Cubin - Cơm Tấm Sườn Nướng & Bún Bò Huế,6.0,40000.0,15,0.8376125626035456,272
Lẩu Nướng Đường Tàu,8.1,220000.0,23,0.7363988166936529,381
Thủy Bụng - Nướng Bình Dân,6.7,75000.0,12,0.8434675770534253,261
Phở Thìn - Đinh Tiên Hoàng,6.2,47500.0,47,0.8414094287870808,269
Bún Thang Bà Đức - 48 Cầu Gỗ,6.3,42500.0,89,0.8468593426738531,255
Bún Chả Que Tre Bình Chung - Trần Xuân Soạn,6.5,52500.0,44,0.8493474837733116,243
Bánh Cuốn Cao Bằng - Thể Giao,7.3,40000.0,12,0.8829705384150173,95
Lẩu Ếch Lò Đúc,6.3,160000.0,28,0.7639311398266655,363
Tiệm Bánh Emoji - Bông Lan Trứng Muối & Đồ Uống Online - Thái Hà,8.2,209000.0,75,0.7500581181093023,375
Cô Tám - Cơm Rang & Cơm Tấm - 126 Hồng Mai,5.6,34500.0,27,0.8261561927020431,287
Phúc Long Hàng Điếu,5.7,50000.0,57,0.8236815763926255,298
Bún Ngan Chặt - Hàng Cân,7.6,37500.0,28,0.8948895499645215,62
Vịt 29 - Tô Hiệu - Cơm Xôi Phở Cháo,6.5,175000.0,38,0.7543593935529431,373
Phở Bò Gốc Gạo - Ngọc Hà,6.9,35000.0,18,0.8706635545702529,158
Paris Baguette - West Lake,7.2,35000.0,15,0.8814199100806568,104
TOUS les JOURS - Keangnam Landmark,6.9,282500.0,12,0.6491047017311095,421
Tiệm Gà Rán Số 19 - Hào Nam,7.5,125000.0,197,0.8258167718471052,289
ThaiExpress - Vincom Center Nguyễn Chí Thanh,6.4,50000.0,40,0.8471029255895421,250
Bún Mọc - Hàng Lược,7.4,37500.0,22,0.8876418085515123,81
Pepperonis Pizza - Hàng Trống,7.5,125000.0,68,0.8258167718471052,289
Vịt 29 - Thái Hà - Cơm Xôi Phở Cháo,7.1,160000.0,127,0.7824668597303855,350
50 Dessert - Dừa Dầm & Kem Bơ,5.8,20000.0,34,0.836936642240505,275
MIN - Lẩu Sạch & Chân Cánh Gà,7.8,125000.0,24,0.8328141668606963,284
Lẩu Nấm Ashima - Huỳnh Thúc Kháng,9.2,215000.0,16,0.7549628526031793,371
Stirling Steaks Vietnam,7.9,200000.0,17,0.7554884657213891,370
Sườn Mười - Sườn Nướng BBQ,7.5,199000.0,137,0.7498515783505879,376
Lẩu Phan - Buffet Bò Úc - Láng Hạ,7.3,125000.0,12,0.8209248462323959,303
Góc Đà Lạt - Lẩu Gà Lá É - Mễ Trì Hạ,9.2,250000.0,12,0.7154854029048839,393
Bánh Gối Lê Đại Hành,7.0,37500.0,64,0.8732797031027014,144
Bánh Rán Bà Huyền,7.3,27000.0,26,0.8878408728063685,80
Bánh Rán Hoàn - Thịt Xiên & Bánh Gà,7.6,15500.0,71,0.9019417738059011,49
Pepperonis Pizza - Trần Phú,7.0,125000.0,66,0.8133094818229928,310
Bánh Mì Hương Lan,7.3,32500.0,28,0.8859793489259198,87
Pizza 4P's - Pizza Kiểu Nhật - Ngõ Bảo Khánh,8.7,250000.0,13,0.7103826169024603,399
Grey Tea - Lê Ngọc Hân,8.3,45500.0,26,0.9155435184626398,28
Big Ben Cafe - Tuệ Tĩnh,6.8,40000.0,15,0.8652074240000411,184
Bánh Rán Cổ Truyền 52 - Hàng Chiếu,7.9,55000.0,20,0.8958106303109251,59
Royaltea - Lương Yên,7.8,45000.0,83,0.8983769413659226,53
Gà Rán KFC - Tây Sơn,6.7,59000.0,85,0.8528444784764507,232
Mì Gia Phúc Kiến,6.9,35000.0,19,0.8706635545702529,158
Lê Thịnh - Xôi Chè Phố Cổ,7.2,24000.0,16,0.8850586064012808,88
BBQ Cơm Sườn Phố Cổ - Trần Đại Nghĩa,4.5,60000.0,11,0.7815376451612549,351
King BBQ - Vua Nướng Hàn Quốc - Hồ Gươm Plaza,6.9,264000.0,42,0.6692960496388103,412
BBQ Garden - Phố Huế,7.1,350000.0,42,0.577811588276421,436
Ding Tea - Bạch Mai,6.4,42500.0,10,0.8502907370177967,239
Cowboy Jack's Saloon American Dining - Mipec Tower,7.5,150000.0,212,0.8011746607737267,325
Pizza Hut - Thái Thịnh,6.5,175000.0,17,0.7543593935529431,373
Tiệm Bánh Nhật Bản Laetitia - Trà Sữa Light Bulb - Nguyễn Hữu Huân,7.5,60000.0,13,0.8792027802983091,114
Hoa Quả Dầm Chúc Nguyên,8.6,35000.0,10,0.9325253847220168,20
Trà Sữa Tocotoco - AEON Mall Long Biên,5.7,42500.0,20,0.8266577582683484,286
Bảo Minh - Đặc Sản Bánh Cốm Hàng Than,7.2,275000.0,16,0.6620853550188088,416
Master Tea 美茶 - Lò Đúc,7.0,38000.0,221,0.8730826391327863,145
Gà Rán Kuccu - Đỗ Quang,6.8,107500.0,77,0.8228432634666311,301
Cơm Cháy Chà Bông Tý Chuột - Shop Online - Nguyễn Cao,10.0,82500.0,13,0.9121214721151307,32
Ăn Vặt Tôn Thất Thiệp - Ốc Luộc & Chân Gà Chiên Giòn,6.8,16500.0,22,0.8723702129021148,148
Cô Ngà - Bánh Mì Nem Khoai,8.0,25000.0,19,0.9146301983804728,30
Nam An Quán - Ẩm Thực Huế,7.2,32000.0,36,0.8825256568442886,97
Gà rán và Mì Ý - Jollibee - Tô Hiệu,6.5,29500.0,77,0.8583702664905238,219
Rộp Rộp - Cơm Cháy & Khô Gà Lá Chanh Online,7.9,100000.0,32,0.8592730633340322,213
Phở Gà Đặc Biệt - Hàng Điếu,7.4,48000.0,22,0.8826953659606357,96
Lẩu Nguyệt - Lẩu Riêu Cua Sườn Sụn,6.7,150000.0,71,0.7828857476343543,349
Mì Hàn Quốc - Láng Hạ,7.4,160000.0,36,0.7889002110964609,343
Bún Chả - Mai Hắc Đế,6.9,45000.0,12,0.8665984378762129,176
Mì Tay To - Bà Triệu,7.3,215000.0,10,0.7291357768346902,385
YiHeTang - Đệ Nhất Trà Sữa Nướng - Mỹ Đình,8.3,55000.0,24,0.9089455567027952,39
Lẩu Ba Lý - Hong Kong Cuisine - AEON Mall Long Biên,5.7,200000.0,21,0.712359707054849,398
Sweet Cherry - Cafe & Restaurant - Vincom Long Biên,7.2,267500.0,10,0.6703283004295112,410
Bánh Mì Bít Tết - Đền Lừ 2,6.9,35000.0,10,0.8706635545702529,158
Chè Sầu Liên - 79 Trần Quốc Hoàn,6.3,22500.0,37,0.8533637753696528,231
Tanka Quán - Chân Gà & Cánh Gà Nướng - Đê La Thành,8.0,30000.0,30,0.9127971722910524,31
Trà Sữa Tiger Sugar Delivery - Đường Nâu Sữa Đài Loan - Láng Hạ,6.8,47500.0,20,0.8619818623502834,196
Bánh Ngọt Bùi Công Trung - Nguyễn Trung Trực,7.4,75000.0,13,0.865765933416112,180
"Quẩy Nóng, Bánh Gối - Nguyễn Lương Bằng",7.3,32500.0,49,0.8859793489259198,87
Lan Béo - Bún Miến Ngan & Cháo Sườn Sụn,7.0,40000.0,17,0.8722731669028619,149
Bún Ốc Bà Thoa - Bún Ốc Gia Truyền - 19 Kim Mã Thượng,7.1,35000.0,33,0.8778186394026494,124
"Nem Lụi, Thịt Heo & Chân Gà - Hoàng Đạo Thúy",6.4,47500.0,15,0.8482084795395949,245
Nem Lụi Huế - Ăn Là Like - Thụy Khuê,6.2,40000.0,109,0.844401680914702,259
Bún Ốc Thúy,6.2,42500.0,20,0.8434456170563184,262
Gà Rán KFC - Nguyễn Trường Tộ,7.0,80000.0,14,0.8496625217536867,241
Lotteria - Hàng Than,6.5,53500.0,26,0.8488701126012653,244
Bún Ốc Sườn Cô Sáu,6.3,32500.0,33,0.8504620968681049,238
Bánh Bao - Quán Thánh,6.6,30000.0,31,0.8617273739610369,198
Kimbap - Little Korean Homemade,7.7,120000.0,18,0.8353952145367377,280
Nhà Hàng Phương Nam - Món Ngon Miền Nam - Chùa Láng,6.8,175000.0,31,0.7609885272200609,364
Linh - Mì Vằn Thắn & Bún Thang,7.6,32500.0,23,0.8969627850394866,56
Lotteria - Kim Mã,7.1,53500.0,80,0.8693879294024253,163
Cô Liên - Ăn Vặt Việt Hàn,7.1,30000.0,50,0.8795872300256569,111
King BBQ - Vua Nướng Hàn Quốc - The Garden,6.3,250000.0,12,0.6738225471095723,409
Chè Xoan - Chùa Láng,7.0,27500.0,33,0.8767661390646141,127
Don Chicken - Chicken & Pub - Royal City,7.2,275000.0,69,0.6620853550188088,416
Xôi Cô Kim - Lò Đúc,6.9,22500.0,37,0.87456660465726,135
Trà Sữa Tocotoco - Cầu Giấy,5.2,36000.0,76,0.812628658991717,311
Paris Gâteaux - Bánh Ngọt & Trà Sữa - Giảng Võ,7.3,230000.0,179,0.7129217370558683,397
Khun Thái - Món Ăn Đường Phố Thái Lan,7.4,140000.0,59,0.8089429366888042,315
Bún Chả Que Tre - Giảng Võ,7.9,40000.0,12,0.9045748134267961,46
Pincho - Tapas Kitchen & Drinks,8.9,300000.0,21,0.6567211225362787,418
Chingu Coffee,8.2,35000.0,26,0.9179870068497282,27
Bếp Kay - Cơm Văn Phòng Online - Cự Lộc,1.6,30000.0,346,0.7131883107188327,395
Phở Cuốn Hương Mai - TT Giảng Võ,7.2,75000.0,69,0.8594558669367279,212
Aha Food - Đồ Âu Văn Phòng - Nguyễn Chí Thanh,7.3,60000.0,24,0.8725002045439216,146
Sữa Chua Trân Châu Hạ Long - Ô Chợ Dừa,6.4,27500.0,12,0.8554755265639618,227
Cơm Ngon Yến Vy - Cơm Văn Phòng,9.8,60000.0,160,0.9375908576805743,17
Trà Sữa Feeling Tea - Minh Khai,7.0,37500.0,35,0.8732797031027014,144
McDonald's - Thái Hà,7.0,125000.0,24,0.8133094818229928,310
Bảo Hằng - Bít Tết - 5 Hoè Nhai,7.3,70000.0,36,0.8660845341520387,178
Nan N Kabab - Xuân Diệu,8.0,200000.0,35,0.7570591265779515,366
"Quán Thương Béo - Bánh Bèo, Cháo Canh, Cháo Lươn Nghệ An Hà Tĩnh",8.0,35000.0,15,0.9106402202051299,35
Pizza One,5.8,100000.0,16,0.7991025154076454,327
Trang Bé - Ăn Vặt Online - Khương Trung,3.3,107500.0,17,0.7232388373665899,389
Highlands Coffee - Pullman,7.6,37000.0,103,0.8951087399896185,60
The Coffee House - Bà Triệu,7.6,90000.0,175,0.8600189369980281,209
Maru Korean - Tiệm Đồ Ăn Hàn Quốc & Trà Sữa,6.7,37500.0,133,0.8626613344287631,190
Lươn Quán - Hoàng Ngọc Phách,7.2,96000.0,32,0.8436026774853106,260
Đức Food - Mì Trộn Indomie - 165 Chùa Bộc,7.6,35000.0,14,0.8959593148672631,58
Quà Vặt - Shop Online - Hoàng Ngọc Phách,6.9,65000.0,39,0.8561499836551525,226
Trà Sữa Tocotoco - Royal City,7.0,52500.0,59,0.8664687093583948,177
Nắng Juice - Nước Ép & Trà Trái Cây,9.8,27500.0,30,0.974877149513513,2
Bếp Nhà - Xôi Chim Tim Trứng Cháy Tỏi Online,6.1,75000.0,13,0.8242100441216572,296
Puku Cafe & Bar,6.8,135000.0,78,0.7991758447226233,326
Kinh Đô Cafe - Hàng Bông,7.2,42500.0,10,0.8782953854360281,118
The Hanoi Social Club - 6 Ngõ Hội Vũ,7.4,160000.0,83,0.7889002110964609,343
Thái Deli - Xuýt Xoa Vị Thái - Hàm Nghi,7.2,125000.0,10,0.8184204084237381,305
Trà Sữa Tocotoco - Khâm Thiên,6.9,37500.0,81,0.8697241322421895,162
Bánh Canh Cố Đô,4.8,40000.0,25,0.7985969137976401,331
Bún Đậu Mẹt & Lòng Trần Cháo - Chùa Láng,5.3,36000.0,19,0.8158538542978123,308
"Cô Yến - Nem Lụi, Nem Nướng & Bò Lá Lốt - Hoàng Ngân",8.1,18500.0,13,0.920356528071489,25
Lẩu Đức Trọc - Dịch Vọng Hậu,4.2,797500.0,12,0.10431788128272655,441
Bánh Mì - Tào Phớ Vợ Ong Vàng - Bạch Mai,5.2,25000.0,13,0.8159496125750288,307
Ốc Luộc - Quốc Tử Giám,7.7,55000.0,12,0.8890697194286746,78
Cây Đa Cafe - Hàng Nón,7.4,32000.0,108,0.8898115392097184,77
Bếp Của Hưng - Đồ Ăn Vặt,7.3,150000.0,14,0.7968203551346459,333
Bánh Rán & Chả Cá - Vĩnh Hồ,7.2,52500.0,12,0.8733665207691224,141
Chè Bobochacha - Cửa Bắc,6.1,20000.0,73,0.8470924697382185,251
Hàu Nướng & Hải Sản Ông Câu,9.5,55000.0,34,0.9399525514732818,14
Buffet Sapasa - Nguyễn Huy Tưởng,7.4,215000.0,13,0.7308687928075868,383
The Pizza Company - Xuân Diệu,6.9,135000.0,24,0.8016967026718744,324
Lotteria - Cầu Giấy,7.0,53500.0,105,0.8659508602606759,179
Su's House - Bánh Su Kem Singapore - Hàng Cót,6.7,60000.0,29,0.8523072719868952,235
Bún Đậu Kẻ Mơ,6.6,35000.0,28,0.8600605722467873,208
DWOK - Ẩm Thực Singapore,7.8,161000.0,45,0.7958311371772238,334
Quán Nem - Nem Cua Biển & Bún Chả - Giảng Võ,6.1,112500.0,24,0.798908220327765,329
Trà Sữa Gong Cha - 貢茶 - Hoàng Đạo Thúy,7.2,50000.0,129,0.874677202238016,134
Bún Ngon - Triệu Việt Vương,6.4,37500.0,11,0.8521980284834452,236
Trà Sữa Feeling Tea - Ngọc Lâm,6.8,42000.0,16,0.8643901271195602,186
Xôi Hồng - Ngọc Lâm,7.2,37500.0,15,0.8804349256489158,107
Bún Riêu - Nguyễn Sơn,7.9,30000.0,12,0.9090574696740412,38
Dung - Bún Dọc Mùng,6.9,40000.0,13,0.8687330179229151,167
Chè 3 Miền - Ngọc Lâm,5.9,32500.0,17,0.8368110090238693,276
Trà Sữa Tocotoco - Tân Mai,6.6,42500.0,19,0.8572042486610302,223
GoGi House - Nướng Hàn Quốc - Trung Hòa,7.7,399500.0,85,0.5323772409359306,438
Le Monde Steak - Hoàng Cầu,7.4,150000.0,57,0.7990184907622774,328
Gạch Quán - Bánh Tráng Cuốn Thịt Heo,7.6,30000.0,103,0.8978986522812041,54
Tomato - Hải Sản Tươi Sống - Nguyễn Thị Định,6.9,107500.0,57,0.8256693316377678,291
"Hoa Đại Quán - Cơm Văn Phòng, Fastfood & Coffee",7.4,44000.0,94,0.8847000913297843,91
"Lutulata - Bún Bò Huế, Cơm Gà & Cơm Sườn",9.3,70000.0,24,0.9203181918299723,26
Yakimono - Nướng Nhật Bản - Trần Bình,5.6,149000.0,45,0.7560486057586132,368
Bún Cá Cầu Giấy,6.5,27500.0,14,0.8589712741230877,217
Cộng Cà Phê - Trần Huy Liệu,7.3,47500.0,31,0.8794432058753905,112
Bánh Xèo - Nghĩa Tân,6.3,35000.0,18,0.8496265264755067,242
Ốc Ghẹ Đường Thành,7.1,45500.0,10,0.8733859054694068,140
Trà Sữa Nướng Yi He Kao Nai - Trung Kiên,9.9,32500.0,20,0.9702220208171859,4
Cơm Gà Bà Nga,5.6,100000.0,14,0.7931370055848252,339
Mì Vằn Thắn Duy Anh,7.0,42500.0,59,0.8712140493499339,152
Kem Xôi Chè Thái Lan - Giảng Võ,6.7,22500.0,137,0.8674098088110742,172
"Genko Chip - Gà Rán, Bánh Gà & Xôi Gà - Đại Cồ Việt",6.7,162500.0,13,0.7710082982753477,360
Tun Tun - Bún Hải Sản Hoa Quả,8.1,40000.0,20,0.9117703011815266,33
Sushi Việt - Tô Hiệu,6.9,24000.0,108,0.8741691061474895,138
Hạnh - Ngan Dé,7.3,35000.0,68,0.8850357780428096,90
Mr.Eco Salad Healthy - Food & Drinks - Ngõ Huế,9.6,70000.0,95,0.9243459935544667,24
Hắt 2 Ô - Nem Nướng Nha Trang - Xuân Thủy,6.5,60000.0,57,0.8456036943552818,258
Lục Thuỷ Cafe & Lounge,7.3,300000.0,43,0.6360226077468656,427
"Al Fresco's - Pizza, Mỳ Ý, Sườn, Steak Bò Bít Tết - Royal City",7.3,175000.0,57,0.7714374772268313,359
6 Degrees Cafe - Rooftop,7.6,225000.0,182,0.7232990907869986,388
Cháo Sườn Hàng Bồ,7.7,15000.0,19,0.9058125399339865,43
MONO Coffee Lab - Hồ Xuân Hương,7.1,50000.0,10,0.8712005721461601,153
Bún Ốc Nguội - Ô Quan Chưởng,6.7,42500.0,14,0.860685054431369,206
"Tiến Thiện - Mì Vằn Thắn, Hủ Tíu",6.6,35000.0,13,0.8600605722467873,208
Ốc Nóng - Lê Quý Đôn,7.0,22500.0,28,0.8781778895242547,120
Noble Moment - Cafe' Serendipity,7.4,60000.0,89,0.875856335281925,130
Domino's Pizza - Giảng Võ,7.4,124000.0,227,0.8243331158035675,294
Coco Food - Bánh Ngọt Online - Trương Định,7.9,97500.0,32,0.8615829878945713,201
Lilium Dessert - Bánh Bông Lan & Trà Thái - Shop Online,7.6,105000.0,10,0.8469384703620527,253
Trà Sữa Shun Cha - Cửa Bắc,7.2,39000.0,31,0.8798165948252874,109
Miến Lươn - 9 Phủ Doãn,7.4,30000.0,14,0.8905255074070393,74
Phở Cuốn Hương Mai - 25 Ngũ Xã,7.2,37000.0,268,0.8806364982484757,106
Cơm Tấm Sài Gòn Út Thắng - Hoàng Cầu Mới,6.4,50000.0,10,0.8471029255895421,250
Trà Sữa Tocotoco - Đào Tấn,6.6,42500.0,26,0.8572042486610302,223
1975 - Cơm Tấm Sài Gòn,9.3,28000.0,44,0.9614782786439078,9
Burger King - Giảng Võ,6.3,60000.0,115,0.8389342929799584,271
Poke Hanoi - Healthy - Hàng Khay,9.1,170000.0,31,0.805124313263783,319
Lotteria - Huỳnh Thúc Kháng,6.8,465000.0,75,0.4479538660300421,440
"Swanshi Kitchen - Bánh Ngọt, Sinh Tố & Nước Ép",7.1,100000.0,15,0.837481187946567,274
Phở Xào - 32 Bát Đàn,6.9,58500.0,24,0.8598652371867906,210
DV Fruit - Sinh Tố & Nước Ép Trái Cây,8.9,40000.0,34,0.9394469861604837,16
Bún Bò Huế Nam Minh - Đội Cấn,8.9,40000.0,22,0.9394469861604837,16
Tình Linh - Bún Bò Huế,9.0,40000.0,13,0.9426146223177998,13
Kichi Kichi Lẩu Băng Chuyền - BigC Thăng Long,8.8,184500.0,109,0.7853722898628442,345
Minh Lan - Miến Lươn Số 1 Chân Cầm,6.9,35000.0,61,0.8706635545702529,158
Vịt 29 - Trung Hòa - Cơm Xôi Phở Cháo,6.3,175000.0,11,0.7498198740568371,377
Gia Hân - Bún Cá Cay,7.0,37500.0,17,0.8732797031027014,144
Hashiya - Ẩm Thực Nhật Bản,8.1,300000.0,15,0.6472044804779356,422
Fenghuang - Trần Kim Xuyến,6.5,225000.0,25,0.7038102073133031,401
Bánh Mì Minh Nhật - Bán Đảo Linh Đàm,4.9,40000.0,10,0.8017311022612527,323
Xôi Cô Sâm,8.5,12500.0,10,0.9372703138198429,18
Phở Bò Phú Xuân,7.7,37500.0,14,0.8985244517654368,52
Minh Châu - Cơm Tấm & Hủ Tiếu Nam Vang - Tuệ Tĩnh,6.7,40000.0,28,0.8616972479241104,200
Phan - Lẩu Các Món - Đào Duy Anh,6.8,150000.0,119,0.7852853735398472,346
Quang Đăng - Bánh Tráng Trộn & Bánh Tráng Nướng - Phùng Khoang,9.0,27500.0,18,0.951347590788374,12
Le Castella Hà Nội - Taste Of Taiwan - Vũ Hữu,6.9,134000.0,71,0.8026113222414736,321
"Chops - Hops, Wheat & Meat - Phạm Huy Thông",7.9,250000.0,13,0.70019250308966,402
Sushidokoro Yutaka - Ẩm Thực Nhật Bản,7.4,187500.0,19,0.7602932678925515,365
Trixie Cafe & Lounge,6.5,60000.0,20,0.8456036943552818,258
Gia Huy - Chè Khúc Bạch Online - Hoàng Mai,6.2,17000.0,14,0.8512052905154841,237
Bánh Tráng Cô Bông - Hàng Bè,9.8,25000.0,26,0.977622725591898,1
"Quẩy Đùi Gà, Trà sữa - Ngọc Linh - Nguyễn Tuân",9.4,30000.0,170,0.963008471244457,8
Chè Xưa - Chè Sầu & Ăn Vặt,7.0,35000.0,20,0.8742329113764732,137
Cô Vân - Chè & Bánh Trôi Tàu - Đê Tô Hoàng,6.4,12500.0,10,0.8590237894462116,216
Fresh Garden Bakery - Bạch Mai,7.2,35000.0,10,0.8814199100806568,104
Kim Phan's Food - Đồ Ăn Hàn Quốc Online,7.7,42500.0,65,0.8961317398229868,57
Trà Sữa Tocotoco - Nguyễn Văn Tố,6.4,33500.0,20,0.853595693290406,230
Sữa Chua Trân Châu Cô Thỏ - KTT Trường Múa Việt Nam,9.6,30000.0,15,0.968349271404934,5
Cơm Gà Bảo Lan - Nguyễn Trãi,8.5,32500.0,13,0.930275626686594,21
BenTo Chile - Cơm Gà Xối Mắm Tỏi & Xối Mỡ - Nguyễn Trãi,7.5,55000.0,15,0.8822661996971364,98
Chân Gà Chiên Mắm & Lẩu Thái - Thụy Khuê,7.2,150000.0,29,0.7945827414529224,336
The Alley - Trà Sữa Đài Loan - Hàng Bài,2.5,55500.0,236,0.7269272905254472,387
Starbucks Coffee - The Garden,7.9,60000.0,31,0.8924190836030013,66
Quán Xưa - Món Xưa,6.4,247500.0,14,0.6782971873258883,408
Gà rán và Mì Ý - Jollibee - Nguyễn Trãi,6.5,29500.0,73,0.8583702664905238,219
Bánh Mì One One - Chùa Láng,7.0,20000.0,27,0.8787995715664431,115
Bún Hải Sản Mẹ Su - 15 Trương Công Giai,8.3,92500.0,50,0.876295723790116,128
Ding Tea - Lê Đại Hành,6.9,40000.0,73,0.8687330179229151,167
The Pizza Company - AEON Mall Long Biên,6.9,200000.0,25,0.7375875864573196,380
Bamboo Dimsum - AEON Mall Long Biên,7.4,60000.0,29,0.875856335281925,130
Cháo Sườn Huyền Anh - Đồng Xuân,7.2,35000.0,208,0.8814199100806568,104
Bò Nướng Tảng - Nguyên Hồng,7.9,200000.0,40,0.7554884657213891,370
Nam An - Cơm Gà Hội An,9.4,28000.0,60,0.964671941450313,6
Bún Đậu Mắm Tôm - Ngõ Trạm,5.9,35000.0,24,0.8359954452015631,279
Hiệu Lực - Bánh Mì Chảo - Bà Triệu,6.7,40000.0,99,0.8616972479241104,200
Hoa An Viên - Lê Đức Thọ,7.0,240000.0,13,0.696991035673927,403
Yên Béo - Đồ Nướng & Ăn Vặt,7.4,56000.0,55,0.878267516029553,119
Ốc Ngao Xào - Mai Động,7.3,75000.0,11,0.8626199568044615,192
Bánh Mì Bami Bread - Nguyễn Trãi,7.2,20000.0,47,0.8860941215853096,85
Ngan Ngon - Trần Huy Liệu,6.0,115000.0,13,0.7941498395587165,338
"Nhà Sàn 141 - Lẩu, Đồ Nướng & Nhậu",9.2,200000.0,45,0.7719760582001997,357
Tào Phớ Nghĩa Tân,7.0,16000.0,168,0.8796769342905685,110
Trà Sữa Tocotoco - Trần Duy Hưng,5.1,37500.0,19,0.8089246513203278,316
Bún Hải Sản 2S - Văn Quán,5.6,42500.0,45,0.8233588873597869,300
Bún Ngan Nhàn - Ngõ Trung Yên,6.3,40000.0,138,0.8478248277987912,247
Dolpan Sam - Nướng Bàn Đá Hàn Quốc - Artemis Tower,7.0,250000.0,49,0.686173901317273,405
Cowboy Jack's Saloon American Dining - Trần Thái Tông,8.0,225000.0,104,0.7294057432181568,384
Nem Lụi Homemade - Shop Online,5.7,77500.0,10,0.8100877050751322,314
ThaiExpress - Vincom Bà Triệu,7.0,50000.0,62,0.867729554491874,168
Phong Phú - Sữa Ngô Nguyên Chất & Bánh Bao,7.7,15000.0,19,0.9058125399339865,43
Burger King - AEON Mall Long Biên,6.5,40000.0,36,0.8547261276798357,228
Ajisai Udon - AEON Mall Long Biên,6.7,200000.0,22,0.7336073812738211,382
Ngon Phố - AEON Mall Long Biên,6.6,150000.0,71,0.780460362294436,353
Koishi BBQ - Lẩu Nướng Không Khói,7.0,225000.0,16,0.7130983368559968,396
Bà Yên - Bún Miến Ngan,7.2,62500.0,15,0.8676327814601345,170
Cơm Ngon Giang Béo - Lê Đức Thọ,9.8,37500.0,103,0.9635879392989832,7
Kem Swensen's - AEON Mall Long Biên,7.4,125000.0,56,0.8233913327361385,299
Trà Sữa Tocotoco - Nguyễn Văn Cừ,6.9,52500.0,39,0.8630273133075048,188
HM 187 - Gà Rán & Khoai Lắc - Hồng Mai,5.4,37500.0,20,0.8185955285178967,304
Bánh Tôm Hồ Tây,5.8,106000.0,156,0.7949456452272614,335
Chick Garden - Chè Ngon & Súp Ngọt - Định Công,6.5,45000.0,85,0.8527074051106803,234
Vịt 34 - Nguyễn Cơ Thạch,6.9,125000.0,11,0.8107086010017809,313
Q-Tea - Đồ Hàn Online,7.1,35000.0,121,0.8778186394026494,124
Chè Malaysia Bà Tuyết,6.7,24000.0,27,0.8670160880792152,174
Phúc Long Trần Đại Nghĩa,4.3,52500.0,12,0.7786222485154684,354
Highlands Coffee - VTV Inside,7.9,60000.0,11,0.8924190836030013,66
"Đông Dương Fruits - Trái Cây Gọt Sẵn, Sinh Tố & Nước Ép",8.8,65000.0,20,0.9149329694825342,29
Mì Quảng Bà Vị - Đặc Sản Đà Nẵng,7.1,32500.0,17,0.878731182425801,116
Cơm Văn Phòng 86 - Shop Online,8.4,32500.0,13,0.9265905772228438,23
Bún Riêu - Đội Cấn,7.3,30000.0,11,0.8868623430852246,82
Gà Rán KFC - Nguyễn Văn Cừ,6.2,80000.0,19,0.8243924374680847,293
Trà Sữa Tocotoco - Big C Thăng Long,4.2,37500.0,10,0.7810973148351861,352
Miến Lươn Sành Phố Cổ,7.2,35000.0,15,0.8814199100806568,104
Cheong Hak Gol - Korean Traditional Restaurant,9.6,294000.0,71,0.6700727937380395,411
Trung Nguyên Legend Coffee - Hai Bà Trưng,7.3,75000.0,11,0.8626199568044615,192
Hải Sư - Cơm Niêu Singapore,7.0,42500.0,182,0.8712140493499339,152
S&L's Diner - Ẩm Thực Mỹ - Bảo Khánh,8.1,160000.0,45,0.8023519152321602,322
Lòng Rán Phố Hàng Gà,6.7,48000.0,23,0.8582918420185404,220
Cơm Thố Anh Nguyễn - Dương Khuê,7.1,110000.0,40,0.8291253136011051,285
Chân Gà Nướng Phố Lý Văn Phức,6.6,42500.0,116,0.8572042486610302,223
Mì Trộn & Xiên Que Shop & Go - Ô Quan Chưởng,7.8,17500.0,12,0.9090922835941883,36
Cố Cung - Nhà Hàng Hàn Quốc,6.6,175000.0,11,0.7565948501607147,367
Trà Sữa Tocotoco - Lê Đại Hành,5.6,37500.0,26,0.8251503585693457,292
Trà Chanh - Nhà Thờ,6.9,35000.0,16,0.8706635545702529,158
Chicken Bros - Quán Gà Rán Hàn Quốc,7.3,175000.0,13,0.7714374772268313,359
Chả Cá Lã Vọng - Nguyễn Trường Tộ,6.0,70000.0,14,0.8238220436914625,297
Khang - Ẩm Thực Nhật Bản,7.8,267500.0,46,0.6793199477232539,407
Bà Thìn - Xôi Chè & Bánh Trôi,7.0,24000.0,37,0.877777880578218,125
Cháo Sườn - Cửa Bắc,7.3,17500.0,13,0.8903449596466929,76
Bánh Tôm Hàng Bồ,7.1,40000.0,106,0.8758268966763623,131
Huyền Anh - Bún Bò Huế - Trương Định,7.1,43000.0,21,0.8745273537184755,136
Mì Vằn Thắn - Đinh Liệt,7.4,30000.0,142,0.8905255074070393,74
Con Ong Vàng - Chuối Chiên Sài Gòn & Xôi Dừa,6.6,15000.0,10,0.8655622768050089,181
Bún Chả Nem - Cửa Đông,6.5,25000.0,29,0.8596801702361483,211
Cháo Sườn Cô Là,7.2,20000.0,49,0.8860941215853096,85
TukTuk Thai Bistro - Triệu Việt Vương,7.4,300000.0,14,0.6375010428314197,426
Yutang - Trà Sữa & Mỳ Đài Loan - Big C Thăng Long,8.8,300000.0,44,0.6556316004319414,419
Bánh Cốm Nguyên Ninh - Hàng Than,6.1,35000.0,28,0.842769830922199,266
Xôi Nóng Anh Tùng - Mai Hắc Đế,5.5,25000.0,24,0.8257010515279269,290
Paris Baguette - Hoàng Đạo Thúy,7.5,200000.0,143,0.7487768793098685,378
Starbucks Coffee - Nhà Thờ,7.6,105000.0,62,0.8469384703620527,253
"Tuyến Ốc - Khoai, Ốc & Cút Lộn Xào Me",7.7,100000.0,10,0.854076575019878,229
Isushi Triệu Việt Vương - Nhà Hàng Buffet Nhật Bản,8.4,135000.0,131,0.8345390886361527,282
Paris Gâteaux - Bánh Ngọt & Trà Sữa - Hai Bà Trưng,7.3,225000.0,70,0.7183423347055542,392
Thanh Vân - Bánh Cuốn & Bún Thang,6.4,21500.0,93,0.8570927426198245,224
Khoai Bao - Khoai Lang Nướng Mật Đà Lạt - Ven Hồ Hạ Đình,6.5,57500.0,53,0.8468931872848326,254
Cơm Sườn Đào Duy Từ - Giảng Võ,6.8,50000.0,94,0.8608108199395278,204
Bánh Mì Thịt Xiên 93,7.3,13500.0,24,0.8911255529336758,71
Bánh Mì Mr Xoay - Hàm Long,6.9,32500.0,151,0.8715506809207788,150
Miến Lươn Đồng - Thái Hà,6.7,37500.0,85,0.8626613344287631,190
Bún Ốc Cô Huệ - Nguyễn Siêu,7.2,35000.0,54,0.8814199100806568,104
Cô Quỳnh - Lẩu & Nướng,8.3,90000.0,74,0.8787008333609218,117
Beard Papa's - Nguyễn Du,7.0,60000.0,12,0.8624019909054477,193
Mirai - Sushi & Sake,7.7,300000.0,27,0.6418032263601681,423
Vuvuzela Beer Club - Thái Hà,9.8,325000.0,21,0.6380997388422799,425
Sumo BBQ - Nhà Hàng Thịt Nướng Nhật Bản - Huỳnh Thúc Kháng,7.3,348500.0,153,0.582412138223222,435
San Tokbokki - Ẩm Thực Hàn Quốc - Phạm Ngọc Thạch,7.0,85000.0,25,0.8460946151939371,256
Cơm Tấm Ali,7.4,30000.0,81,0.8905255074070393,74
Chen Hà Nội,7.1,217500.0,46,0.7229047459590027,390
Nhà Hàng 123 - Kim Mã,6.7,42500.0,113,0.860685054431369,206
Nem Chua Rán 267 - Ngọc Lâm,6.9,42500.0,44,0.8676908783247494,169
Gyu-Kaku Japanese BBQ - AEON Mall Long Biên,6.6,300000.0,44,0.625125101144712,429
King BBQ - Vua Nướng Hàn Quốc - AEON Mall Long Biên,6.8,300000.0,27,0.6283292591063072,428
Bánh Cuốn Đức Hạnh,8.7,40000.0,16,0.9328328125713905,19
Bánh Cuốn & Bún Chả Gia An - Trần Đăng Ninh,6.6,32500.0,11,0.8609179796785575,202
Salavi - Bánh Mì Nướng Muối Ớt - Hàng Giầy,7.6,15000.0,45,0.9020380854547898,48
Chè Ngon Truyền Thống - Tô Hiệu,6.6,19000.0,12,0.8647117011219453,185
Chè Ngon Hà Nội - 297 Tô Hiệu,6.9,17500.0,57,0.8757504578108628,132
Hà Dũng - Lẩu Ếch,7.1,100000.0,18,0.837481187946567,274
Vua Chả Cá - Nguyễn Thị Định,6.4,200000.0,33,0.7274437031112122,386
Mạnh Đức - Phở & Cơm Văn Phòng,8.0,35000.0,10,0.9106402202051299,35
Bún Chả Cầu Đen - Hà Đông,6.6,37500.0,22,0.8591555223631622,214
NemZone - Nem Nướng Ngon Lạ,7.7,177000.0,14,0.7769893807159224,355
Cutisun Restaurant - Bò Bít Tết,7.2,275000.0,41,0.6620853550188088,416
Bánh Cuốn & Bún Chả Hoàng Long,6.7,24000.0,16,0.8670160880792152,174
Cờ-Rếp - Lò Đúc,6.9,47500.0,11,0.8654564735896099,182
Korea Box 1998 - Ẩm Thực Hàn Quốc,7.5,60000.0,11,0.8792027802983091,114
Lẩu Hơi Trường An,8.2,325000.0,10,0.6207639078120006,431
Cơm Gà Bà Yến - Khâm Thiên,8.5,37000.0,18,0.9277795995265274,22
Pizza Hut - Tôn Đức Thắng,7.2,140000.0,173,0.8043059308397523,320
Koi Food,7.3,275000.0,14,0.6636321959117392,413
Quán Chè Cát Thành - Cát Linh,6.8,24000.0,49,0.8705817641912968,160
Wa Japanese Cuisine,7.8,187500.0,12,0.7674635339297027,361
Mít Quán - Nguyễn Trãi,5.8,22500.0,34,0.8363163462798573,278
Chè Sài Gòn Tuyết Nhung - Nhổn,7.3,17500.0,14,0.8903449596466929,76
Ngọc Diệp - Bánh Mì Sốt Vang & Tào Phớ,9.8,29000.0,11,0.9732096449622776,3
Gà 36 - Nguyễn Tuân,6.4,135000.0,10,0.7888539690580595,344
Bánh Su Kem Singapore Chewy Junior - Xã Đàn,7.2,132500.0,160,0.8114399887325594,312
Kun Steak - Bít Tết & Vang Tươi,7.6,185000.0,12,0.7666354357123268,362
Phương Hoa - Bún Thái Hải Sản Tươi Sống & Cơm Văn Phòng - Tập Thể Thành Công,7.3,125000.0,59,0.8209248462323959,303
Cường Bạc - Bánh Cuốn Cao Bằng,6.2,45000.0,26,0.8424480726468958,267
Isushi Thái Hà - Nhà Hàng Buffet Nhật Bản,9.1,350000.0,86,0.6041594378665907,432
Bánh Mì Nguyên Sinh - Lý Quốc Sư,4.4,24000.0,44,0.7912269018581123,340
Bún Bò Huế O Xuân - Tuệ Tĩnh,6.8,50000.0,30,0.8608108199395278,204
Cộng Cà Phê - Lý Thường Kiệt,7.4,50000.0,25,0.8816396050698898,99
Highlands Coffee - Cột Cờ,7.4,37000.0,114,0.8878513702157381,79
Cà Te Quán - Bò Nhúng Me,7.2,250000.0,61,0.6894912445970469,404
ZPizza - Xuân Diệu,7.8,122500.0,46,0.8352851208494682,281
Seoul Soul - Gà Rán Hàn Quốc,3.1,125000.0,75,0.7075953231805809,400
Bánh Gối Oanh Oanh - Đê La Thành,7.1,17000.0,23,0.8831083916404949,93
Bún Cá Quả Trộn Thái Bình,7.9,40000.0,16,0.9045748134267961,46
BBQ Chicken - Giảng Võ,6.9,85000.0,20,0.8430152055151167,265
Lẩu Đức Trọc - Phó Đức Chính,6.8,89500.0,45,0.8367042398104392,277
Lão Ngư Chả Cá,7.4,80000.0,70,0.8620722821847203,194
Mai Châu - Ẩm Thực Hòa Bình,7.5,160000.0,13,0.7909647418671442,341
Vân Nhi - Food & Dessert - Lý Thường Kiệt,7.5,36000.0,34,0.8918962484534492,68
Bánh Khoai & Bánh Chuối - Hàng Điếu,6.6,8000.0,15,0.8667502162477897,175
Bún Dọc Mùng - Bát Đàn,6.8,40000.0,52,0.8652074240000411,184
Hải Sản Cua Bay,7.7,150000.0,26,0.8053509298587496,318
Khải Dung - Bún Sườn Mọc,5.6,40000.0,15,0.8242725472738077,295
"Baked Magic - Trà, Sinh Tố & Bánh Kem Nướng",7.5,35000.0,21,0.8923068175799753,67
Phở Bò Lý Béo - Hàng Nón,7.3,35000.0,15,0.8850357780428096,90
Yang - Buffet Lẩu Bò Mỹ - Láng Hạ,5.6,125000.0,39,0.7752715204542336,356
An Cựu - Bún Bò Huế - Đội Cấn,7.7,37500.0,15,0.8985244517654368,52
Quán Chè Bà Lan Gia Truyền,6.8,25000.0,17,0.8703077028352747,161
Cốm - Xuân Thủy,7.4,17500.0,10,0.8940502050943138,63
Cháo Ếch Singapore - Láng Hạ,6.9,55000.0,18,0.8617418875536761,197
Gateaux De Mia - Tiệm Bánh Mia - Shop Online,7.5,300000.0,55,0.6389577432510039,424
Aaron9 - Grill & Smoked Turkey - Đào Duy Từ,8.7,164000.0,16,0.8071871212705959,317
Cộng Cà Phê - Tràng Tiền,7.5,62500.0,109,0.8775968857240221,126
Cộng Cà Phê - Hàng Điếu,7.1,35000.0,21,0.8778186394026494,124
Hạnh - Hải Sản Tươi Sống,3.7,75000.0,10,0.7512845868430367,374
Phở Cường - Hàng Muối,6.6,29000.0,33,0.8620376158685491,195
King BBQ - Vua Nướng Hàn Quốc - Hàng Tre,6.4,300000.0,18,0.6218575641861881,430
